Run,ReleaseDate,LoadDate,spots,bases,spots_with_mates,avgLength,size_MB,AssemblyName,download_path,Experiment,LibraryName,LibraryStrategy,LibrarySelection,LibrarySource,LibraryLayout,InsertSize,InsertDev,Platform,Model,SRAStudy,BioProject,Study_Pubmed_id,ProjectID,Sample,BioSample,SampleType,TaxID,ScientificName,SampleName,g1k_pop_code,source,g1k_analysis_group,Subject_ID,Sex,Disease,Tumor,Affection_Status,Analyte_Type,Histological_Type,Body_Site,CenterName,Submission,dbgap_study_accession,Consent,RunHash,ReadHash
SRR12705967,2020-09-24 14:13:16,2020-09-24 14:11:17,60200,36219507,60200,601,21,,https://sra-downloadb.be-md.ncbi.nlm.nih.gov/sos3/sra-pub-zq-22/SRR012/12705/SRR12705967/SRR12705967.lite.1,SRX9184982,BM_autmn,RNA-Seq,PCR,METAGENOMIC,PAIRED,0,0,ILLUMINA,Illumina MiSeq,SRP285282,PRJNA665460,,665460,SRS7421752,SAMN16253845,simple,1297885,plant metagenome,Autumn,,,,,,,no,,,,,CENTRE FOR FUNCTIONAL DIVERSITY,SRA1131035,,public,D9D5641091A3592388457DB66F97FD30,F6B97A3029002B757EAC1CD0BFC73517
SRR12705968,2020-09-24 14:15:56,2020-09-24 14:11:24,98728,59386262,98728,601,33,,https://sra-downloadb.be-md.ncbi.nlm.nih.gov/sos3/sra-pub-zq-22/SRR012/12705/SRR12705968/SRR12705968.lite.1,SRX9184981,BF_autmn,RNA-Seq,PCR,METAGENOMIC,PAIRED,0,0,ILLUMINA,Illumina MiSeq,SRP285282,PRJNA665460,,665460,SRS7421752,SAMN16253845,simple,1297885,plant metagenome,Autumn,,,,,,,no,,,,,CENTRE FOR FUNCTIONAL DIVERSITY,SRA1131035,,public,FB91979C3D1B5936DF5BE5FACD6E35C0,E862948BC8D66057576FE490773EB373
SRR12705969,2020-09-24 14:13:16,2020-09-24 14:11:25,59986,36088549,59986,601,20,,https://sra-downloadb.be-md.ncbi.nlm.nih.gov/sos3/sra-pub-zq-22/SRR012/12705/SRR12705969/SRR12705969.lite.1,SRX9184980,AM_autmn,RNA-Seq,PCR,METAGENOMIC,PAIRED,0,0,ILLUMINA,Illumina MiSeq,SRP285282,PRJNA665460,,665460,SRS7421752,SAMN16253845,simple,1297885,plant metagenome,Autumn,,,,,,,no,,,,,CENTRE FOR FUNCTIONAL DIVERSITY,SRA1131035,,public,0E4D4258A29C479503DF21101E08C3D3,3131F7E0E41534E25570A700C2D6AB0F
SRR12705970,2020-09-24 14:13:16,2020-09-24 14:11:24,77355,46534763,77355,601,26,,https://sra-downloadb.be-md.ncbi.nlm.nih.gov/sos3/sra-pub-zq-22/SRR012/12705/SRR12705970/SRR12705970.lite.1,SRX9184979,AF_autmn,RNA-Seq,PCR,METAGENOMIC,PAIRED,0,0,ILLUMINA,Illumina MiSeq,SRP285282,PRJNA665460,,665460,SRS7421752,SAMN16253845,simple,1297885,plant metagenome,Autumn,,,,,,,no,,,,,CENTRE FOR FUNCTIONAL DIVERSITY,SRA1131035,,public,4C0008A2F2A847346AF9F8DA1A523C55,88B2F0870BA2BD03F278FB311D6014B2
SRR12705971,2020-09-24 14:13:16,2020-09-24 14:11:19,67064,40363433,67064,601,21,,https://sra-downloadb.be-md.ncbi.nlm.nih.gov/sos3/sra-pub-zq-22/SRR012/12705/SRR12705971/SRR12705971.lite.1,SRX9184978,BM_spring,RNA-Seq,PCR,METAGENOMIC,PAIRED,0,0,ILLUMINA,Illumina MiSeq,SRP285282,PRJNA665460,,665460,SRS7421751,SAMN16253844,simple,1297885,plant metagenome,Spring,,,,,,,no,,,,,CENTRE FOR FUNCTIONAL DIVERSITY,SRA1131035,,public,F6B6761B35D241DBF7E8989F3478ECD9,BEDC1CBB66207C3EBBF49F69517E70F4
SRR12705972,2020-09-24 14:15:56,2020-09-24 14:11:24,60387,36343453,60387,601,18,,https://sra-downloadb.be-md.ncbi.nlm.nih.gov/sos3/sra-pub-zq-22/SRR012/12705/SRR12705972/SRR12705972.lite.1,SRX9184977,BF_spring,RNA-Seq,PCR,METAGENOMIC,PAIRED,0,0,ILLUMINA,Illumina MiSeq,SRP285282,PRJNA665460,,665460,SRS7421751,SAMN16253844,simple,1297885,plant metagenome,Spring,,,,,,,no,,,,,CENTRE FOR FUNCTIONAL DIVERSITY,SRA1131035,,public,771FD92BEC8DE6DD5D7776D831EB2C2F,54FD5A72C66D774BAE16F3804349F3C7
SRR12705973,2020-09-24 14:13:16,2020-09-24 14:11:29,64557,38854183,64557,601,20,,https://sra-downloadb.be-md.ncbi.nlm.nih.gov/sos3/sra-pub-zq-22/SRR012/12705/SRR12705973/SRR12705973.lite.1,SRX9184976,AM_spring,RNA-Seq,PCR,METAGENOMIC,PAIRED,0,0,ILLUMINA,Illumina MiSeq,SRP285282,PRJNA665460,,665460,SRS7421751,SAMN16253844,simple,1297885,plant metagenome,Spring,,,,,,,no,,,,,CENTRE FOR FUNCTIONAL DIVERSITY,SRA1131035,,public,F1A56F137145C1DE13AD9E635D096FB2,CE4D6DA155822B85952A5D47BF19BADF
SRR12705974,2020-09-24 14:13:16,2020-09-24 14:11:18,72414,43581340,72414,601,22,,https://sra-downloadb.be-md.ncbi.nlm.nih.gov/sos3/sra-pub-zq-22/SRR012/12705/SRR12705974/SRR12705974.lite.1,SRX9184975,AF_spring,RNA-Seq,PCR,METAGENOMIC,PAIRED,0,0,ILLUMINA,Illumina MiSeq,SRP285282,PRJNA665460,,665460,SRS7421751,SAMN16253844,simple,1297885,plant metagenome,Spring,,,,,,,no,,,,,CENTRE FOR FUNCTIONAL DIVERSITY,SRA1131035,,public,66992AE397A8AA0B7038E659102AF191,939A530641418AA16165AE6288D3DAB8
